11912070,11912079,11912066
11912070
11912070,11912000,11912025,11912064,11912063,11912060,11912002,11912033,11912080,11912035
11912000,11912025,12345678,11912064,11912088,12345678,11912055,11912063,11912078,11912034,11912003,11912060,11912002,11912033,11912080,11912066,11912035
11912000,11912025,12345678,11912064,11912088,12345678,11912055,11912063,11912034,11912003,11912060,11912002,11912033,11912080,11912066,11912035
11912000,11912025,12345678,11912064,11912088,12345678,11912055,11912063,11912034,11912003,11912060,11912002,11912033,11912080,11912066,11912035
11912000,11912025,12345678,11912064,11912088,12345678,11912055,11912063,11912034,11912003,11912060,11912002,11912033,11912080,11912066,11912035
11912000,11912025,12345678,11912064,11912088,12345678,11912055,11912063,11912034,11912003,11912060,11912002,11912033,11912080,11912066,11912035
11912000,11912025,12345678,11912064,11912088,12345678,11912055,11912063,11912078,11912034,11912003,11912060,11912002,11912033,11912080,11912066,11912035
11912000,11912025,12345678,11912064,11912088,12345678,11912055,11912063,11912078,11912034,11912003,11912060,11912033,11912080,11912066,11912035
11912000,11912025,12345678,11912064,11912088,12345678,11912055,11912063,11912078,11912034,11912003,11912060,11912002,11912033,11912080,11912066,11912035
11912000,11912025,12345678,11912064,11912088,12345678,11912055,11912063,11912078,11912034,11912003,11912060,11912002,11912033,11912080,11912035
11912000,11912025,12345678,11912064,11912088,12345678,11912055,11912063,11912078,11912034,11912003,11912060,11912002,11912033,11912080,11912066,11912035
